N,rho*,dt,rc,rskin,steps,sample_stride,D_mean,D_SEM
27,999.9999999933966,1e-15,1e-09,2e-10,200000,10,1.650297416368341e-09,4.890405295002718e-09
