N,rho*,dt,rc,rskin,steps,sample_stride,D_mean,D_SEM
125,904.0814631423871,1e-15,8.62625e-10,1.03515e-10,10000,10,3.784858813532932e-08,4.341081825736184e-08
