N,rho*,dt,rc,rskin,steps,sample_stride,D_mean,D_SEM
27,904.0814631423871,5e-16,1e-09,2e-10,2000,10,1.1641108890531453e-07,7.885710610210362e-08
