N,rho*,dt,rc,rskin,steps,sample_stride,D_mean,D_SEM
27,904.0814631423871,5e-16,1e-09,2e-10,2000,10,2.755397959801222e-07,1.2943443782545588e-07
