N,rho*,dt,rc,rskin,steps,sample_stride,D_mean,D_SEM
27,904.0814631423871,1e-15,8.62625e-10,1.03515e-10,10000,10,1.0277696797849972e-07,2.2749725008962962e-08
