N,rho*,dt,rc,rskin,steps,sample_stride,D_mean,D_SEM
27,999.9999999993395,1e-15,8.62625e-10,1.03515e-10,5000,10,7.697791394777479e-08,6.288109757972891e-08
