N,rho*,dt,rc,rskin,steps,sample_stride,D_mean,D_SEM
27,830.0,1e-15,8.62625e-10,1.03515e-10,5000,10,7.001368405948722e-08,4.1123022188214484e-08
