N,rho*,dt,rc,rskin,steps,sample_stride,D_mean,D_SEM
27,904.0814631423871,1e-15,1e-09,2e-10,10000,10,-6.090417084747101e-09,2.448693597555323e-08
