N,rho*,dt,rc,rskin,steps,sample_stride,D_mean,D_SEM
27,904.0814631423871,1e-15,1e-09,2e-10,10000,10,5.3278615944893234e-08,4.759141088459042e-08
