N,rho*,dt,rc,rskin,steps,sample_stride,D_mean,D_SEM
27,999.9999999993395,1e-15,8.62625e-10,1.03515e-10,5000,10,7.04087062520805e-08,4.108009030957107e-08
