N,rho*,dt,rc,rskin,steps,sample_stride,D_mean,D_SEM
27,999.9999999933966,1e-15,1e-09,2e-10,50000,10,2.4813886700779705e-08,4.364894124564223e-09
